area,cell_label,file,mean_int,rbs,var_int
372.0,1.0,../../data/images/20170421_sd1_pre_1200ulmin_0.71hz_shock/SD1_1200ulmin_pre_1_MMStack_Pos8.ome.tif,21961.392351757095,sd1,5584364.973432245
413.0,2.0,../../data/images/20170421_sd1_pre_1200ulmin_0.71hz_shock/SD1_1200ulmin_pre_1_MMStack_Pos8.ome.tif,22997.59589031111,sd1,5175560.435203599
363.0,3.0,../../data/images/20170421_sd1_pre_1200ulmin_0.71hz_shock/SD1_1200ulmin_pre_1_MMStack_Pos8.ome.tif,20618.224364857542,sd1,4536527.9909518175
176.0,4.0,../../data/images/20170421_sd1_pre_1200ulmin_0.71hz_shock/SD1_1200ulmin_pre_1_MMStack_Pos8.ome.tif,27114.342589208598,sd1,5703065.7413262725
160.0,5.0,../../data/images/20170421_sd1_pre_1200ulmin_0.71hz_shock/SD1_1200ulmin_pre_1_MMStack_Pos8.ome.tif,20515.41727276749,sd1,2053582.117595347
372.0,1.0,../../data/images/20170421_sd1_pre_1200ulmin_0.71hz_shock/SD1_1200ulmin_pre_1_MMStack_Pos1.ome.tif,6015.469514258772,sd1,186360.83187650665
413.0,2.0,../../data/images/20170421_sd1_pre_1200ulmin_0.71hz_shock/SD1_1200ulmin_pre_1_MMStack_Pos1.ome.tif,5127.184062391535,sd1,131497.6508954499
363.0,3.0,../../data/images/20170421_sd1_pre_1200ulmin_0.71hz_shock/SD1_1200ulmin_pre_1_MMStack_Pos1.ome.tif,7017.660315742747,sd1,360101.40793821577
176.0,4.0,../../data/images/20170421_sd1_pre_1200ulmin_0.71hz_shock/SD1_1200ulmin_pre_1_MMStack_Pos1.ome.tif,6205.337724912897,sd1,199318.32547612712
160.0,5.0,../../data/images/20170421_sd1_pre_1200ulmin_0.71hz_shock/SD1_1200ulmin_pre_1_MMStack_Pos1.ome.tif,9395.432567256146,sd1,373270.931529896
372.0,1.0,../../data/images/20170421_sd1_pre_1200ulmin_0.71hz_shock/SD1_1200ulmin_pre_1_MMStack_Pos16.ome.tif,14085.110871039682,sd1,585195.3770205424
413.0,2.0,../../data/images/20170421_sd1_pre_1200ulmin_0.71hz_shock/SD1_1200ulmin_pre_1_MMStack_Pos16.ome.tif,13871.264154643753,sd1,537980.9673636693
363.0,3.0,../../data/images/20170421_sd1_pre_1200ulmin_0.71hz_shock/SD1_1200ulmin_pre_1_MMStack_Pos16.ome.tif,13873.141203503581,sd1,646060.7345732606
176.0,4.0,../../data/images/20170421_sd1_pre_1200ulmin_0.71hz_shock/SD1_1200ulmin_pre_1_MMStack_Pos16.ome.tif,13834.4435992143,sd1,476556.4790251792
160.0,5.0,../../data/images/20170421_sd1_pre_1200ulmin_0.71hz_shock/SD1_1200ulmin_pre_1_MMStack_Pos16.ome.tif,13989.765109391248,sd1,481860.7470046926
372.0,1.0,../../data/images/20170421_sd1_pre_1200ulmin_0.71hz_shock/SD1_1200ulmin_pre_1_MMStack_Pos17.ome.tif,14368.071097044014,sd1,590896.8396235959
413.0,2.0,../../data/images/20170421_sd1_pre_1200ulmin_0.71hz_shock/SD1_1200ulmin_pre_1_MMStack_Pos17.ome.tif,14045.125096378211,sd1,513882.03926258715
363.0,3.0,../../data/images/20170421_sd1_pre_1200ulmin_0.71hz_shock/SD1_1200ulmin_pre_1_MMStack_Pos17.ome.tif,14313.945013404036,sd1,524938.9306787805
176.0,4.0,../../data/images/20170421_sd1_pre_1200ulmin_0.71hz_shock/SD1_1200ulmin_pre_1_MMStack_Pos17.ome.tif,13575.826247886434,sd1,457066.767703883
160.0,5.0,../../data/images/20170421_sd1_pre_1200ulmin_0.71hz_shock/SD1_1200ulmin_pre_1_MMStack_Pos17.ome.tif,13804.010441344726,sd1,638492.7043487339
372.0,1.0,../../data/images/20170421_sd1_pre_1200ulmin_0.71hz_shock/SD1_1200ulmin_pre_1_MMStack_Pos0.ome.tif,14339.858124169083,sd1,567740.6265079726
413.0,2.0,../../data/images/20170421_sd1_pre_1200ulmin_0.71hz_shock/SD1_1200ulmin_pre_1_MMStack_Pos0.ome.tif,14463.715828287814,sd1,586524.6677918885
363.0,3.0,../../data/images/20170421_sd1_pre_1200ulmin_0.71hz_shock/SD1_1200ulmin_pre_1_MMStack_Pos0.ome.tif,14455.869028909301,sd1,535418.6337968386
176.0,4.0,../../data/images/20170421_sd1_pre_1200ulmin_0.71hz_shock/SD1_1200ulmin_pre_1_MMStack_Pos0.ome.tif,13822.820605421432,sd1,492839.58056928666
160.0,5.0,../../data/images/20170421_sd1_pre_1200ulmin_0.71hz_shock/SD1_1200ulmin_pre_1_MMStack_Pos0.ome.tif,14099.744701204549,sd1,368932.0916200049
372.0,1.0,../../data/images/20170421_sd1_pre_1200ulmin_0.71hz_shock/SD1_1200ulmin_pre_1_MMStack_Pos9.ome.tif,14307.267955000032,sd1,565285.090548459
413.0,2.0,../../data/images/20170421_sd1_pre_1200ulmin_0.71hz_shock/SD1_1200ulmin_pre_1_MMStack_Pos9.ome.tif,14269.675096848581,sd1,464699.5628160533
363.0,3.0,../../data/images/20170421_sd1_pre_1200ulmin_0.71hz_shock/SD1_1200ulmin_pre_1_MMStack_Pos9.ome.tif,14389.602389210742,sd1,550252.9992941299
176.0,4.0,../../data/images/20170421_sd1_pre_1200ulmin_0.71hz_shock/SD1_1200ulmin_pre_1_MMStack_Pos9.ome.tif,14159.487013870168,sd1,448638.04537831934
160.0,5.0,../../data/images/20170421_sd1_pre_1200ulmin_0.71hz_shock/SD1_1200ulmin_pre_1_MMStack_Pos9.ome.tif,14284.45121714726,sd1,509499.11707953375
372.0,1.0,../../data/images/20170421_sd1_pre_1200ulmin_0.71hz_shock/SD1_1200ulmin_pre_1_MMStack_Pos15.ome.tif,13856.071474865937,sd1,546627.7641658275
413.0,2.0,../../data/images/20170421_sd1_pre_1200ulmin_0.71hz_shock/SD1_1200ulmin_pre_1_MMStack_Pos15.ome.tif,13807.815994057142,sd1,384975.7733027363
363.0,3.0,../../data/images/20170421_sd1_pre_1200ulmin_0.71hz_shock/SD1_1200ulmin_pre_1_MMStack_Pos15.ome.tif,14085.486227815183,sd1,642904.9280666725
176.0,4.0,../../data/images/20170421_sd1_pre_1200ulmin_0.71hz_shock/SD1_1200ulmin_pre_1_MMStack_Pos15.ome.tif,13662.037535798021,sd1,510580.02501554514
160.0,5.0,../../data/images/20170421_sd1_pre_1200ulmin_0.71hz_shock/SD1_1200ulmin_pre_1_MMStack_Pos15.ome.tif,13399.105632860661,sd1,378682.9109128484
372.0,1.0,../../data/images/20170421_sd1_pre_1200ulmin_0.71hz_shock/SD1_1200ulmin_pre_1_MMStack_Pos2.ome.tif,14167.800466433944,sd1,591993.2305543469
413.0,2.0,../../data/images/20170421_sd1_pre_1200ulmin_0.71hz_shock/SD1_1200ulmin_pre_1_MMStack_Pos2.ome.tif,14161.532141140344,sd1,498935.8245015962
363.0,3.0,../../data/images/20170421_sd1_pre_1200ulmin_0.71hz_shock/SD1_1200ulmin_pre_1_MMStack_Pos2.ome.tif,14329.182339419067,sd1,545896.4673588419
176.0,4.0,../../data/images/20170421_sd1_pre_1200ulmin_0.71hz_shock/SD1_1200ulmin_pre_1_MMStack_Pos2.ome.tif,13930.435553892828,sd1,380778.69018877303
160.0,5.0,../../data/images/20170421_sd1_pre_1200ulmin_0.71hz_shock/SD1_1200ulmin_pre_1_MMStack_Pos2.ome.tif,14226.590963415521,sd1,567674.1213551289
372.0,1.0,../../data/images/20170421_sd1_pre_1200ulmin_0.71hz_shock/SD1_1200ulmin_pre_1_MMStack_Pos3.ome.tif,14279.845243745049,sd1,557098.8770802099
413.0,2.0,../../data/images/20170421_sd1_pre_1200ulmin_0.71hz_shock/SD1_1200ulmin_pre_1_MMStack_Pos3.ome.tif,21452.5397097089,sd1,28998184.062757894
363.0,3.0,../../data/images/20170421_sd1_pre_1200ulmin_0.71hz_shock/SD1_1200ulmin_pre_1_MMStack_Pos3.ome.tif,14109.29796213799,sd1,659468.6933385615
176.0,4.0,../../data/images/20170421_sd1_pre_1200ulmin_0.71hz_shock/SD1_1200ulmin_pre_1_MMStack_Pos3.ome.tif,14281.815795691313,sd1,564746.277952499
160.0,5.0,../../data/images/20170421_sd1_pre_1200ulmin_0.71hz_shock/SD1_1200ulmin_pre_1_MMStack_Pos3.ome.tif,14163.370130890147,sd1,467288.84955753275
372.0,1.0,../../data/images/20170421_sd1_pre_1200ulmin_0.71hz_shock/SD1_1200ulmin_pre_1_MMStack_Pos14.ome.tif,14301.831092760767,sd1,510686.8965276999
413.0,2.0,../../data/images/20170421_sd1_pre_1200ulmin_0.71hz_shock/SD1_1200ulmin_pre_1_MMStack_Pos14.ome.tif,14070.12798246601,sd1,448602.9731421032
363.0,3.0,../../data/images/20170421_sd1_pre_1200ulmin_0.71hz_shock/SD1_1200ulmin_pre_1_MMStack_Pos14.ome.tif,14345.855099649169,sd1,475173.3728005066
176.0,4.0,../../data/images/20170421_sd1_pre_1200ulmin_0.71hz_shock/SD1_1200ulmin_pre_1_MMStack_Pos14.ome.tif,14079.308189923635,sd1,596545.4315610676
160.0,5.0,../../data/images/20170421_sd1_pre_1200ulmin_0.71hz_shock/SD1_1200ulmin_pre_1_MMStack_Pos14.ome.tif,14414.076057112117,sd1,651187.7431219829
372.0,1.0,../../data/images/20170421_sd1_pre_1200ulmin_0.71hz_shock/SD1_1200ulmin_pre_1_MMStack_Pos6.ome.tif,14223.98786423123,sd1,532192.4707732769
413.0,2.0,../../data/images/20170421_sd1_pre_1200ulmin_0.71hz_shock/SD1_1200ulmin_pre_1_MMStack_Pos6.ome.tif,14271.199547200493,sd1,726711.2076525973
363.0,3.0,../../data/images/20170421_sd1_pre_1200ulmin_0.71hz_shock/SD1_1200ulmin_pre_1_MMStack_Pos6.ome.tif,14236.64877599387,sd1,567652.7949634505
176.0,4.0,../../data/images/20170421_sd1_pre_1200ulmin_0.71hz_shock/SD1_1200ulmin_pre_1_MMStack_Pos6.ome.tif,14390.741010303609,sd1,597284.0338457229
160.0,5.0,../../data/images/20170421_sd1_pre_1200ulmin_0.71hz_shock/SD1_1200ulmin_pre_1_MMStack_Pos6.ome.tif,14143.220289011699,sd1,569698.710793433
372.0,1.0,../../data/images/20170421_sd1_pre_1200ulmin_0.71hz_shock/SD1_1200ulmin_pre_1_MMStack_Pos11.ome.tif,14406.436216363543,sd1,603102.9052688478
413.0,2.0,../../data/images/20170421_sd1_pre_1200ulmin_0.71hz_shock/SD1_1200ulmin_pre_1_MMStack_Pos11.ome.tif,14201.100670527034,sd1,509276.84007013036
363.0,3.0,../../data/images/20170421_sd1_pre_1200ulmin_0.71hz_shock/SD1_1200ulmin_pre_1_MMStack_Pos11.ome.tif,14856.097541642106,sd1,689662.4095477427
176.0,4.0,../../data/images/20170421_sd1_pre_1200ulmin_0.71hz_shock/SD1_1200ulmin_pre_1_MMStack_Pos11.ome.tif,14213.719782793063,sd1,585379.890243868
160.0,5.0,../../data/images/20170421_sd1_pre_1200ulmin_0.71hz_shock/SD1_1200ulmin_pre_1_MMStack_Pos11.ome.tif,14186.016872469772,sd1,594097.5130414299
372.0,1.0,../../data/images/20170421_sd1_pre_1200ulmin_0.71hz_shock/SD1_1200ulmin_pre_1_MMStack_Pos18.ome.tif,10255.928845218477,sd1,306495.78760271287
413.0,2.0,../../data/images/20170421_sd1_pre_1200ulmin_0.71hz_shock/SD1_1200ulmin_pre_1_MMStack_Pos18.ome.tif,10484.06951670547,sd1,378694.1453878417
363.0,3.0,../../data/images/20170421_sd1_pre_1200ulmin_0.71hz_shock/SD1_1200ulmin_pre_1_MMStack_Pos18.ome.tif,10817.635071524144,sd1,445485.8667928563
176.0,4.0,../../data/images/20170421_sd1_pre_1200ulmin_0.71hz_shock/SD1_1200ulmin_pre_1_MMStack_Pos18.ome.tif,12828.376578260832,sd1,446297.06432551687
160.0,5.0,../../data/images/20170421_sd1_pre_1200ulmin_0.71hz_shock/SD1_1200ulmin_pre_1_MMStack_Pos18.ome.tif,12976.053972666055,sd1,419260.0387450381
372.0,1.0,../../data/images/20170421_sd1_pre_1200ulmin_0.71hz_shock/SD1_1200ulmin_pre_1_MMStack_Pos19.ome.tif,13350.461398528778,sd1,601449.6026678182
413.0,2.0,../../data/images/20170421_sd1_pre_1200ulmin_0.71hz_shock/SD1_1200ulmin_pre_1_MMStack_Pos19.ome.tif,13087.626206940446,sd1,472243.4304080252
363.0,3.0,../../data/images/20170421_sd1_pre_1200ulmin_0.71hz_shock/SD1_1200ulmin_pre_1_MMStack_Pos19.ome.tif,13012.101743965899,sd1,477815.07586115826
176.0,4.0,../../data/images/20170421_sd1_pre_1200ulmin_0.71hz_shock/SD1_1200ulmin_pre_1_MMStack_Pos19.ome.tif,14093.43092443858,sd1,531611.5489702323
160.0,5.0,../../data/images/20170421_sd1_pre_1200ulmin_0.71hz_shock/SD1_1200ulmin_pre_1_MMStack_Pos19.ome.tif,13523.734206261788,sd1,507677.70865107176
372.0,1.0,../../data/images/20170421_sd1_pre_1200ulmin_0.71hz_shock/SD1_1200ulmin_pre_1_MMStack_Pos10.ome.tif,14193.894108415248,sd1,479908.6207523142
413.0,2.0,../../data/images/20170421_sd1_pre_1200ulmin_0.71hz_shock/SD1_1200ulmin_pre_1_MMStack_Pos10.ome.tif,14054.392879730978,sd1,459698.2065291621
363.0,3.0,../../data/images/20170421_sd1_pre_1200ulmin_0.71hz_shock/SD1_1200ulmin_pre_1_MMStack_Pos10.ome.tif,14317.955490774375,sd1,566567.3266302185
176.0,4.0,../../data/images/20170421_sd1_pre_1200ulmin_0.71hz_shock/SD1_1200ulmin_pre_1_MMStack_Pos10.ome.tif,14499.905563326676,sd1,317341.0316249033
160.0,5.0,../../data/images/20170421_sd1_pre_1200ulmin_0.71hz_shock/SD1_1200ulmin_pre_1_MMStack_Pos10.ome.tif,14589.974577217425,sd1,685951.9368025546
372.0,1.0,../../data/images/20170421_sd1_pre_1200ulmin_0.71hz_shock/SD1_1200ulmin_pre_1_MMStack_Pos7.ome.tif,14345.276102855381,sd1,535683.4247055533
413.0,2.0,../../data/images/20170421_sd1_pre_1200ulmin_0.71hz_shock/SD1_1200ulmin_pre_1_MMStack_Pos7.ome.tif,16166.763769109717,sd1,6369523.01592701
363.0,3.0,../../data/images/20170421_sd1_pre_1200ulmin_0.71hz_shock/SD1_1200ulmin_pre_1_MMStack_Pos7.ome.tif,14220.616706344106,sd1,567522.3465967642
176.0,4.0,../../data/images/20170421_sd1_pre_1200ulmin_0.71hz_shock/SD1_1200ulmin_pre_1_MMStack_Pos7.ome.tif,14418.195194284148,sd1,680370.3657281472
160.0,5.0,../../data/images/20170421_sd1_pre_1200ulmin_0.71hz_shock/SD1_1200ulmin_pre_1_MMStack_Pos7.ome.tif,14433.850952312816,sd1,612921.7110357439
372.0,1.0,../../data/images/20170421_sd1_pre_1200ulmin_0.71hz_shock/SD1_1200ulmin_pre_1_MMStack_Pos12.ome.tif,13972.163139834049,sd1,439797.4103490668
413.0,2.0,../../data/images/20170421_sd1_pre_1200ulmin_0.71hz_shock/SD1_1200ulmin_pre_1_MMStack_Pos12.ome.tif,14023.111124595842,sd1,420411.9938576219
363.0,3.0,../../data/images/20170421_sd1_pre_1200ulmin_0.71hz_shock/SD1_1200ulmin_pre_1_MMStack_Pos12.ome.tif,14264.414133744469,sd1,552915.8888054116
176.0,4.0,../../data/images/20170421_sd1_pre_1200ulmin_0.71hz_shock/SD1_1200ulmin_pre_1_MMStack_Pos12.ome.tif,13962.172011474957,sd1,409536.02361206
160.0,5.0,../../data/images/20170421_sd1_pre_1200ulmin_0.71hz_shock/SD1_1200ulmin_pre_1_MMStack_Pos12.ome.tif,13895.75386022317,sd1,628480.3036077389
372.0,1.0,../../data/images/20170421_sd1_pre_1200ulmin_0.71hz_shock/SD1_1200ulmin_pre_1_MMStack_Pos5.ome.tif,14356.891984301397,sd1,492822.8466964889
413.0,2.0,../../data/images/20170421_sd1_pre_1200ulmin_0.71hz_shock/SD1_1200ulmin_pre_1_MMStack_Pos5.ome.tif,14384.58452084127,sd1,482170.4465745601
363.0,3.0,../../data/images/20170421_sd1_pre_1200ulmin_0.71hz_shock/SD1_1200ulmin_pre_1_MMStack_Pos5.ome.tif,14425.207652540223,sd1,612438.5294950784
176.0,4.0,../../data/images/20170421_sd1_pre_1200ulmin_0.71hz_shock/SD1_1200ulmin_pre_1_MMStack_Pos5.ome.tif,14503.113972435933,sd1,518491.60983452504
160.0,5.0,../../data/images/20170421_sd1_pre_1200ulmin_0.71hz_shock/SD1_1200ulmin_pre_1_MMStack_Pos5.ome.tif,14706.808337679522,sd1,615531.0013682984
372.0,1.0,../../data/images/20170421_sd1_pre_1200ulmin_0.71hz_shock/SD1_1200ulmin_pre_1_MMStack_Pos4.ome.tif,14615.01933480668,sd1,736106.1871061227
413.0,2.0,../../data/images/20170421_sd1_pre_1200ulmin_0.71hz_shock/SD1_1200ulmin_pre_1_MMStack_Pos4.ome.tif,14084.143336095136,sd1,587970.4367730196
363.0,3.0,../../data/images/20170421_sd1_pre_1200ulmin_0.71hz_shock/SD1_1200ulmin_pre_1_MMStack_Pos4.ome.tif,14337.991196345702,sd1,626734.0435472673
176.0,4.0,../../data/images/20170421_sd1_pre_1200ulmin_0.71hz_shock/SD1_1200ulmin_pre_1_MMStack_Pos4.ome.tif,14457.18764772354,sd1,399573.06130917254
160.0,5.0,../../data/images/20170421_sd1_pre_1200ulmin_0.71hz_shock/SD1_1200ulmin_pre_1_MMStack_Pos4.ome.tif,14382.53015490498,sd1,538318.6326791106
372.0,1.0,../../data/images/20170421_sd1_pre_1200ulmin_0.71hz_shock/SD1_1200ulmin_pre_1_MMStack_Pos13.ome.tif,14494.749501918837,sd1,601065.8794331354
413.0,2.0,../../data/images/20170421_sd1_pre_1200ulmin_0.71hz_shock/SD1_1200ulmin_pre_1_MMStack_Pos13.ome.tif,14234.259549018276,sd1,460421.28461202205
363.0,3.0,../../data/images/20170421_sd1_pre_1200ulmin_0.71hz_shock/SD1_1200ulmin_pre_1_MMStack_Pos13.ome.tif,14483.18637940774,sd1,547637.874731666
176.0,4.0,../../data/images/20170421_sd1_pre_1200ulmin_0.71hz_shock/SD1_1200ulmin_pre_1_MMStack_Pos13.ome.tif,14391.199823121664,sd1,497327.6939984621
160.0,5.0,../../data/images/20170421_sd1_pre_1200ulmin_0.71hz_shock/SD1_1200ulmin_pre_1_MMStack_Pos13.ome.tif,14408.57937168234,sd1,565793.5691991483
377.0,1.0,../../data/images/20170714_sd4_pre_5ulmin_0.018hz_shock/SD4_5ulmin_pre_2_MMStack_Pos13.ome.tif,5640.342428226735,sd4,195061.9653200119
497.0,2.0,../../data/images/20170714_sd4_pre_5ulmin_0.018hz_shock/SD4_5ulmin_pre_2_MMStack_Pos13.ome.tif,5586.108823101965,sd4,113165.02144286405
287.0,3.0,../../data/images/20170714_sd4_pre_5ulmin_0.018hz_shock/SD4_5ulmin_pre_2_MMStack_Pos13.ome.tif,5654.410077967392,sd4,133622.0304492883
271.0,4.0,../../data/images/20170714_sd4_pre_5ulmin_0.018hz_shock/SD4_5ulmin_pre_2_MMStack_Pos13.ome.tif,6062.167341606968,sd4,259161.34958262468
1070.0,5.0,../../data/images/20170714_sd4_pre_5ulmin_0.018hz_shock/SD4_5ulmin_pre_2_MMStack_Pos13.ome.tif,6323.33907619901,sd4,380753.57766431
403.0,6.0,../../data/images/20170714_sd4_pre_5ulmin_0.018hz_shock/SD4_5ulmin_pre_2_MMStack_Pos13.ome.tif,6040.478654652365,sd4,379143.1441518648
377.0,1.0,../../data/images/20170714_sd4_pre_5ulmin_0.018hz_shock/SD4_5ulmin_pre_2_MMStack_Pos0.ome.tif,4686.778596004123,sd4,41475.73029415288
497.0,2.0,../../data/images/20170714_sd4_pre_5ulmin_0.018hz_shock/SD4_5ulmin_pre_2_MMStack_Pos0.ome.tif,4675.80809480074,sd4,45648.31607014512
287.0,3.0,../../data/images/20170714_sd4_pre_5ulmin_0.018hz_shock/SD4_5ulmin_pre_2_MMStack_Pos0.ome.tif,4704.961842268662,sd4,38225.88071539867
271.0,4.0,../../data/images/20170714_sd4_pre_5ulmin_0.018hz_shock/SD4_5ulmin_pre_2_MMStack_Pos0.ome.tif,4669.749715887783,sd4,42260.64048493536
1070.0,5.0,../../data/images/20170714_sd4_pre_5ulmin_0.018hz_shock/SD4_5ulmin_pre_2_MMStack_Pos0.ome.tif,4644.688303558604,sd4,45551.08548426475
403.0,6.0,../../data/images/20170714_sd4_pre_5ulmin_0.018hz_shock/SD4_5ulmin_pre_2_MMStack_Pos0.ome.tif,5030.658769408259,sd4,176798.68981398694
377.0,1.0,../../data/images/20170714_sd4_pre_5ulmin_0.018hz_shock/SD4_5ulmin_pre_2_MMStack_Pos9.ome.tif,4741.4411109604225,sd4,55554.84983763952
497.0,2.0,../../data/images/20170714_sd4_pre_5ulmin_0.018hz_shock/SD4_5ulmin_pre_2_MMStack_Pos9.ome.tif,4697.74998570341,sd4,44776.83768460535
287.0,3.0,../../data/images/20170714_sd4_pre_5ulmin_0.018hz_shock/SD4_5ulmin_pre_2_MMStack_Pos9.ome.tif,4661.649544333329,sd4,42599.617798762585
271.0,4.0,../../data/images/20170714_sd4_pre_5ulmin_0.018hz_shock/SD4_5ulmin_pre_2_MMStack_Pos9.ome.tif,4664.667630450977,sd4,35898.4248370604
1070.0,5.0,../../data/images/20170714_sd4_pre_5ulmin_0.018hz_shock/SD4_5ulmin_pre_2_MMStack_Pos9.ome.tif,4679.037017821628,sd4,41604.39500034715
403.0,6.0,../../data/images/20170714_sd4_pre_5ulmin_0.018hz_shock/SD4_5ulmin_pre_2_MMStack_Pos9.ome.tif,4622.823073077468,sd4,45118.975748769626
377.0,1.0,../../data/images/20170714_sd4_pre_5ulmin_0.018hz_shock/SD4_5ulmin_pre_2_MMStack_Pos8.ome.tif,4736.3067345559275,sd4,43843.8062145163
497.0,2.0,../../data/images/20170714_sd4_pre_5ulmin_0.018hz_shock/SD4_5ulmin_pre_2_MMStack_Pos8.ome.tif,4736.309639614683,sd4,45807.55355524451
287.0,3.0,../../data/images/20170714_sd4_pre_5ulmin_0.018hz_shock/SD4_5ulmin_pre_2_MMStack_Pos8.ome.tif,4695.914462419051,sd4,46387.2876945652
271.0,4.0,../../data/images/20170714_sd4_pre_5ulmin_0.018hz_shock/SD4_5ulmin_pre_2_MMStack_Pos8.ome.tif,4744.3517695523615,sd4,42969.43107325145
1070.0,5.0,../../data/images/20170714_sd4_pre_5ulmin_0.018hz_shock/SD4_5ulmin_pre_2_MMStack_Pos8.ome.tif,4683.075372993289,sd4,41926.06873478554
403.0,6.0,../../data/images/20170714_sd4_pre_5ulmin_0.018hz_shock/SD4_5ulmin_pre_2_MMStack_Pos8.ome.tif,4733.8630467289795,sd4,47858.17618113721
377.0,1.0,../../data/images/20170714_sd4_pre_5ulmin_0.018hz_shock/SD4_5ulmin_pre_2_MMStack_Pos1.ome.tif,4604.545462294625,sd4,47723.58136128464
497.0,2.0,../../data/images/20170714_sd4_pre_5ulmin_0.018hz_shock/SD4_5ulmin_pre_2_MMStack_Pos1.ome.tif,4650.699036545425,sd4,44634.958343041675
287.0,3.0,../../data/images/20170714_sd4_pre_5ulmin_0.018hz_shock/SD4_5ulmin_pre_2_MMStack_Pos1.ome.tif,4676.334653179452,sd4,37353.05889909352
271.0,4.0,../../data/images/20170714_sd4_pre_5ulmin_0.018hz_shock/SD4_5ulmin_pre_2_MMStack_Pos1.ome.tif,4680.1384521963955,sd4,48069.780367239895
1070.0,5.0,../../data/images/20170714_sd4_pre_5ulmin_0.018hz_shock/SD4_5ulmin_pre_2_MMStack_Pos1.ome.tif,4746.387179104409,sd4,109736.98300255944
403.0,6.0,../../data/images/20170714_sd4_pre_5ulmin_0.018hz_shock/SD4_5ulmin_pre_2_MMStack_Pos1.ome.tif,4582.536802215854,sd4,35806.27113389228
377.0,1.0,../../data/images/20170714_sd4_pre_5ulmin_0.018hz_shock/SD4_5ulmin_pre_2_MMStack_Pos12.ome.tif,4792.9171085656835,sd4,41964.86440702225
497.0,2.0,../../data/images/20170714_sd4_pre_5ulmin_0.018hz_shock/SD4_5ulmin_pre_2_MMStack_Pos12.ome.tif,4767.543420221606,sd4,39773.62144970171
287.0,3.0,../../data/images/20170714_sd4_pre_5ulmin_0.018hz_shock/SD4_5ulmin_pre_2_MMStack_Pos12.ome.tif,5152.266725154251,sd4,554533.1546187111
271.0,4.0,../../data/images/20170714_sd4_pre_5ulmin_0.018hz_shock/SD4_5ulmin_pre_2_MMStack_Pos12.ome.tif,4749.133936577454,sd4,43462.506037480896
1070.0,5.0,../../data/images/20170714_sd4_pre_5ulmin_0.018hz_shock/SD4_5ulmin_pre_2_MMStack_Pos12.ome.tif,4699.939831100185,sd4,40578.22870293256
403.0,6.0,../../data/images/20170714_sd4_pre_5ulmin_0.018hz_shock/SD4_5ulmin_pre_2_MMStack_Pos12.ome.tif,4706.051070821983,sd4,40976.3638584882
377.0,1.0,../../data/images/20170714_sd4_pre_5ulmin_0.018hz_shock/SD4_5ulmin_pre_2_MMStack_Pos19.ome.tif,4743.966339531866,sd4,46114.57960834028
497.0,2.0,../../data/images/20170714_sd4_pre_5ulmin_0.018hz_shock/SD4_5ulmin_pre_2_MMStack_Pos19.ome.tif,4743.665367842901,sd4,56884.38054172405
287.0,3.0,../../data/images/20170714_sd4_pre_5ulmin_0.018hz_shock/SD4_5ulmin_pre_2_MMStack_Pos19.ome.tif,4713.051682202074,sd4,42372.619082666
271.0,4.0,../../data/images/20170714_sd4_pre_5ulmin_0.018hz_shock/SD4_5ulmin_pre_2_MMStack_Pos19.ome.tif,4735.925259679341,sd4,34390.15878366714
1070.0,5.0,../../data/images/20170714_sd4_pre_5ulmin_0.018hz_shock/SD4_5ulmin_pre_2_MMStack_Pos19.ome.tif,4685.694022988363,sd4,42641.912854624214
403.0,6.0,../../data/images/20170714_sd4_pre_5ulmin_0.018hz_shock/SD4_5ulmin_pre_2_MMStack_Pos19.ome.tif,4657.715929885305,sd4,48093.452754146674
377.0,1.0,../../data/images/20170714_sd4_pre_5ulmin_0.018hz_shock/SD4_5ulmin_pre_2_MMStack_Pos3.ome.tif,4377.840591226943,sd4,48431.63448699906
497.0,2.0,../../data/images/20170714_sd4_pre_5ulmin_0.018hz_shock/SD4_5ulmin_pre_2_MMStack_Pos3.ome.tif,4375.428067406284,sd4,44116.330290504535
287.0,3.0,../../data/images/20170714_sd4_pre_5ulmin_0.018hz_shock/SD4_5ulmin_pre_2_MMStack_Pos3.ome.tif,4529.723330797412,sd4,45962.109865010956
271.0,4.0,../../data/images/20170714_sd4_pre_5ulmin_0.018hz_shock/SD4_5ulmin_pre_2_MMStack_Pos3.ome.tif,4517.331035272678,sd4,38185.08492296092
1070.0,5.0,../../data/images/20170714_sd4_pre_5ulmin_0.018hz_shock/SD4_5ulmin_pre_2_MMStack_Pos3.ome.tif,4552.800296473535,sd4,42279.0109301571
403.0,6.0,../../data/images/20170714_sd4_pre_5ulmin_0.018hz_shock/SD4_5ulmin_pre_2_MMStack_Pos3.ome.tif,4444.624542944754,sd4,33444.38490861719
377.0,1.0,../../data/images/20170714_sd4_pre_5ulmin_0.018hz_shock/SD4_5ulmin_pre_2_MMStack_Pos10.ome.tif,4837.222342928992,sd4,44205.25233013976
497.0,2.0,../../data/images/20170714_sd4_pre_5ulmin_0.018hz_shock/SD4_5ulmin_pre_2_MMStack_Pos10.ome.tif,4796.720572787337,sd4,46237.13048279157
287.0,3.0,../../data/images/20170714_sd4_pre_5ulmin_0.018hz_shock/SD4_5ulmin_pre_2_MMStack_Pos10.ome.tif,4795.785716919876,sd4,47197.896690053014
271.0,4.0,../../data/images/20170714_sd4_pre_5ulmin_0.018hz_shock/SD4_5ulmin_pre_2_MMStack_Pos10.ome.tif,4803.4686423456515,sd4,36327.573746473514
1070.0,5.0,../../data/images/20170714_sd4_pre_5ulmin_0.018hz_shock/SD4_5ulmin_pre_2_MMStack_Pos10.ome.tif,4710.069388907266,sd4,42742.0539108999
403.0,6.0,../../data/images/20170714_sd4_pre_5ulmin_0.018hz_shock/SD4_5ulmin_pre_2_MMStack_Pos10.ome.tif,4826.584408960561,sd4,48246.26297593339
377.0,1.0,../../data/images/20170714_sd4_pre_5ulmin_0.018hz_shock/SD4_5ulmin_pre_2_MMStack_Pos11.ome.tif,4758.1571170272055,sd4,60153.8206664953
497.0,2.0,../../data/images/20170714_sd4_pre_5ulmin_0.018hz_shock/SD4_5ulmin_pre_2_MMStack_Pos11.ome.tif,4735.694609767289,sd4,52189.89951171891
287.0,3.0,../../data/images/20170714_sd4_pre_5ulmin_0.018hz_shock/SD4_5ulmin_pre_2_MMStack_Pos11.ome.tif,4736.4629980581485,sd4,41231.386893641116
271.0,4.0,../../data/images/20170714_sd4_pre_5ulmin_0.018hz_shock/SD4_5ulmin_pre_2_MMStack_Pos11.ome.tif,4747.849604816204,sd4,47070.25193490517
1070.0,5.0,../../data/images/20170714_sd4_pre_5ulmin_0.018hz_shock/SD4_5ulmin_pre_2_MMStack_Pos11.ome.tif,4722.395765904087,sd4,41105.9491126301
403.0,6.0,../../data/images/20170714_sd4_pre_5ulmin_0.018hz_shock/SD4_5ulmin_pre_2_MMStack_Pos11.ome.tif,4680.241837249691,sd4,45144.919759965145
377.0,1.0,../../data/images/20170714_sd4_pre_5ulmin_0.018hz_shock/SD4_5ulmin_pre_2_MMStack_Pos2.ome.tif,4461.4447559087785,sd4,47135.85957071979
497.0,2.0,../../data/images/20170714_sd4_pre_5ulmin_0.018hz_shock/SD4_5ulmin_pre_2_MMStack_Pos2.ome.tif,4498.972300512681,sd4,46749.97889754771
287.0,3.0,../../data/images/20170714_sd4_pre_5ulmin_0.018hz_shock/SD4_5ulmin_pre_2_MMStack_Pos2.ome.tif,4568.509753957366,sd4,49577.85820739575
271.0,4.0,../../data/images/20170714_sd4_pre_5ulmin_0.018hz_shock/SD4_5ulmin_pre_2_MMStack_Pos2.ome.tif,4521.383317548928,sd4,31394.458333165883
1070.0,5.0,../../data/images/20170714_sd4_pre_5ulmin_0.018hz_shock/SD4_5ulmin_pre_2_MMStack_Pos2.ome.tif,4546.0881209908375,sd4,38471.81122279758
403.0,6.0,../../data/images/20170714_sd4_pre_5ulmin_0.018hz_shock/SD4_5ulmin_pre_2_MMStack_Pos2.ome.tif,4463.43718960762,sd4,50132.281841050244
377.0,1.0,../../data/images/20170714_sd4_pre_5ulmin_0.018hz_shock/SD4_5ulmin_pre_2_MMStack_Pos18.ome.tif,4638.940299670866,sd4,56091.22770341191
497.0,2.0,../../data/images/20170714_sd4_pre_5ulmin_0.018hz_shock/SD4_5ulmin_pre_2_MMStack_Pos18.ome.tif,4644.9477143217355,sd4,42155.455854266336
287.0,3.0,../../data/images/20170714_sd4_pre_5ulmin_0.018hz_shock/SD4_5ulmin_pre_2_MMStack_Pos18.ome.tif,4668.296758277054,sd4,40210.228284303135
271.0,4.0,../../data/images/20170714_sd4_pre_5ulmin_0.018hz_shock/SD4_5ulmin_pre_2_MMStack_Pos18.ome.tif,4688.94180676599,sd4,40282.943206950484
1070.0,5.0,../../data/images/20170714_sd4_pre_5ulmin_0.018hz_shock/SD4_5ulmin_pre_2_MMStack_Pos18.ome.tif,4648.423869498017,sd4,41115.32864147205
403.0,6.0,../../data/images/20170714_sd4_pre_5ulmin_0.018hz_shock/SD4_5ulmin_pre_2_MMStack_Pos18.ome.tif,4550.21410492658,sd4,44442.390899676524
377.0,1.0,../../data/images/20170714_sd4_pre_5ulmin_0.018hz_shock/SD4_5ulmin_pre_2_MMStack_Pos14.ome.tif,4841.2963373755565,sd4,55170.07122390324
497.0,2.0,../../data/images/20170714_sd4_pre_5ulmin_0.018hz_shock/SD4_5ulmin_pre_2_MMStack_Pos14.ome.tif,5011.178639839018,sd4,241995.86229659888
287.0,3.0,../../data/images/20170714_sd4_pre_5ulmin_0.018hz_shock/SD4_5ulmin_pre_2_MMStack_Pos14.ome.tif,4699.653904242797,sd4,48352.39441350937
271.0,4.0,../../data/images/20170714_sd4_pre_5ulmin_0.018hz_shock/SD4_5ulmin_pre_2_MMStack_Pos14.ome.tif,4740.198340959974,sd4,43313.17697594329
1070.0,5.0,../../data/images/20170714_sd4_pre_5ulmin_0.018hz_shock/SD4_5ulmin_pre_2_MMStack_Pos14.ome.tif,4716.5548734,sd4,41325.20132673802
403.0,6.0,../../data/images/20170714_sd4_pre_5ulmin_0.018hz_shock/SD4_5ulmin_pre_2_MMStack_Pos14.ome.tif,4674.443543387307,sd4,42056.22260152257
377.0,1.0,../../data/images/20170714_sd4_pre_5ulmin_0.018hz_shock/SD4_5ulmin_pre_2_MMStack_Pos7.ome.tif,4662.370341731209,sd4,46284.14157739351
497.0,2.0,../../data/images/20170714_sd4_pre_5ulmin_0.018hz_shock/SD4_5ulmin_pre_2_MMStack_Pos7.ome.tif,4684.415959311009,sd4,40589.99452241927
287.0,3.0,../../data/images/20170714_sd4_pre_5ulmin_0.018hz_shock/SD4_5ulmin_pre_2_MMStack_Pos7.ome.tif,4692.753099589599,sd4,47196.76553406725
271.0,4.0,../../data/images/20170714_sd4_pre_5ulmin_0.018hz_shock/SD4_5ulmin_pre_2_MMStack_Pos7.ome.tif,4711.265492853805,sd4,30618.67551025274
1070.0,5.0,../../data/images/20170714_sd4_pre_5ulmin_0.018hz_shock/SD4_5ulmin_pre_2_MMStack_Pos7.ome.tif,4656.471488464107,sd4,44816.846539134065
403.0,6.0,../../data/images/20170714_sd4_pre_5ulmin_0.018hz_shock/SD4_5ulmin_pre_2_MMStack_Pos7.ome.tif,4641.633922367937,sd4,46472.359290319844
377.0,1.0,../../data/images/20170714_sd4_pre_5ulmin_0.018hz_shock/SD4_5ulmin_pre_2_MMStack_Pos6.ome.tif,4767.540375025633,sd4,41706.24203436836
497.0,2.0,../../data/images/20170714_sd4_pre_5ulmin_0.018hz_shock/SD4_5ulmin_pre_2_MMStack_Pos6.ome.tif,4845.8750883330595,sd4,119265.69845980313
287.0,3.0,../../data/images/20170714_sd4_pre_5ulmin_0.018hz_shock/SD4_5ulmin_pre_2_MMStack_Pos6.ome.tif,4594.354679821932,sd4,31359.491512453773
271.0,4.0,../../data/images/20170714_sd4_pre_5ulmin_0.018hz_shock/SD4_5ulmin_pre_2_MMStack_Pos6.ome.tif,4657.302076163006,sd4,33474.04892372623
1070.0,5.0,../../data/images/20170714_sd4_pre_5ulmin_0.018hz_shock/SD4_5ulmin_pre_2_MMStack_Pos6.ome.tif,4613.695455770767,sd4,41977.06948991865
403.0,6.0,../../data/images/20170714_sd4_pre_5ulmin_0.018hz_shock/SD4_5ulmin_pre_2_MMStack_Pos6.ome.tif,4665.185522751432,sd4,42377.829281966595
377.0,1.0,../../data/images/20170714_sd4_pre_5ulmin_0.018hz_shock/SD4_5ulmin_pre_2_MMStack_Pos15.ome.tif,4714.580179033094,sd4,44563.836693259465
497.0,2.0,../../data/images/20170714_sd4_pre_5ulmin_0.018hz_shock/SD4_5ulmin_pre_2_MMStack_Pos15.ome.tif,4701.904405902175,sd4,42678.73456494903
287.0,3.0,../../data/images/20170714_sd4_pre_5ulmin_0.018hz_shock/SD4_5ulmin_pre_2_MMStack_Pos15.ome.tif,4636.0403786333645,sd4,53907.5239877383
271.0,4.0,../../data/images/20170714_sd4_pre_5ulmin_0.018hz_shock/SD4_5ulmin_pre_2_MMStack_Pos15.ome.tif,4684.155446552237,sd4,32681.230570058142
1070.0,5.0,../../data/images/20170714_sd4_pre_5ulmin_0.018hz_shock/SD4_5ulmin_pre_2_MMStack_Pos15.ome.tif,4689.6534612956075,sd4,62819.40874792384
403.0,6.0,../../data/images/20170714_sd4_pre_5ulmin_0.018hz_shock/SD4_5ulmin_pre_2_MMStack_Pos15.ome.tif,4735.676562663857,sd4,49975.33353148654
377.0,1.0,../../data/images/20170714_sd4_pre_5ulmin_0.018hz_shock/SD4_5ulmin_pre_2_MMStack_Pos4.ome.tif,4539.453010586934,sd4,42992.70922392097
497.0,2.0,../../data/images/20170714_sd4_pre_5ulmin_0.018hz_shock/SD4_5ulmin_pre_2_MMStack_Pos4.ome.tif,4480.008584337547,sd4,48313.78864706644
287.0,3.0,../../data/images/20170714_sd4_pre_5ulmin_0.018hz_shock/SD4_5ulmin_pre_2_MMStack_Pos4.ome.tif,4383.31291423567,sd4,37097.8462972792
271.0,4.0,../../data/images/20170714_sd4_pre_5ulmin_0.018hz_shock/SD4_5ulmin_pre_2_MMStack_Pos4.ome.tif,4468.470589813564,sd4,38626.01761706271
1070.0,5.0,../../data/images/20170714_sd4_pre_5ulmin_0.018hz_shock/SD4_5ulmin_pre_2_MMStack_Pos4.ome.tif,4498.190238380333,sd4,46981.67997285623
403.0,6.0,../../data/images/20170714_sd4_pre_5ulmin_0.018hz_shock/SD4_5ulmin_pre_2_MMStack_Pos4.ome.tif,4501.735921170736,sd4,37105.680322504086
377.0,1.0,../../data/images/20170714_sd4_pre_5ulmin_0.018hz_shock/SD4_5ulmin_pre_2_MMStack_Pos17.ome.tif,4589.315809217931,sd4,39251.384399143244
497.0,2.0,../../data/images/20170714_sd4_pre_5ulmin_0.018hz_shock/SD4_5ulmin_pre_2_MMStack_Pos17.ome.tif,4562.841530736431,sd4,35730.34936699231
287.0,3.0,../../data/images/20170714_sd4_pre_5ulmin_0.018hz_shock/SD4_5ulmin_pre_2_MMStack_Pos17.ome.tif,4598.06374742209,sd4,38942.757931991684
271.0,4.0,../../data/images/20170714_sd4_pre_5ulmin_0.018hz_shock/SD4_5ulmin_pre_2_MMStack_Pos17.ome.tif,4655.502223308811,sd4,34850.38263798618
1070.0,5.0,../../data/images/20170714_sd4_pre_5ulmin_0.018hz_shock/SD4_5ulmin_pre_2_MMStack_Pos17.ome.tif,4912.934405031414,sd4,285448.52361784485
403.0,6.0,../../data/images/20170714_sd4_pre_5ulmin_0.018hz_shock/SD4_5ulmin_pre_2_MMStack_Pos17.ome.tif,4707.08018730124,sd4,56843.54529556908
377.0,1.0,../../data/images/20170714_sd4_pre_5ulmin_0.018hz_shock/SD4_5ulmin_pre_2_MMStack_Pos16.ome.tif,4108.735420159414,sd4,43083.68689412425
497.0,2.0,../../data/images/20170714_sd4_pre_5ulmin_0.018hz_shock/SD4_5ulmin_pre_2_MMStack_Pos16.ome.tif,3780.3029606702185,sd4,37783.544718202684
287.0,3.0,../../data/images/20170714_sd4_pre_5ulmin_0.018hz_shock/SD4_5ulmin_pre_2_MMStack_Pos16.ome.tif,4410.757470650415,sd4,37417.060345744605
271.0,4.0,../../data/images/20170714_sd4_pre_5ulmin_0.018hz_shock/SD4_5ulmin_pre_2_MMStack_Pos16.ome.tif,3729.688695536254,sd4,43744.66470082048
1070.0,5.0,../../data/images/20170714_sd4_pre_5ulmin_0.018hz_shock/SD4_5ulmin_pre_2_MMStack_Pos16.ome.tif,4362.083343980487,sd4,42377.88454384162
403.0,6.0,../../data/images/20170714_sd4_pre_5ulmin_0.018hz_shock/SD4_5ulmin_pre_2_MMStack_Pos16.ome.tif,4380.165741553332,sd4,171204.28978205714
377.0,1.0,../../data/images/20170714_sd4_pre_5ulmin_0.018hz_shock/SD4_5ulmin_pre_2_MMStack_Pos5.ome.tif,3998.2787470988346,sd4,44708.25902542488
497.0,2.0,../../data/images/20170714_sd4_pre_5ulmin_0.018hz_shock/SD4_5ulmin_pre_2_MMStack_Pos5.ome.tif,4037.3641758072904,sd4,50436.54098679465
287.0,3.0,../../data/images/20170714_sd4_pre_5ulmin_0.018hz_shock/SD4_5ulmin_pre_2_MMStack_Pos5.ome.tif,4229.837675625965,sd4,37708.08240528642
271.0,4.0,../../data/images/20170714_sd4_pre_5ulmin_0.018hz_shock/SD4_5ulmin_pre_2_MMStack_Pos5.ome.tif,3863.149225635156,sd4,49972.64040181654
1070.0,5.0,../../data/images/20170714_sd4_pre_5ulmin_0.018hz_shock/SD4_5ulmin_pre_2_MMStack_Pos5.ome.tif,3938.076167307009,sd4,72373.97383640625
403.0,6.0,../../data/images/20170714_sd4_pre_5ulmin_0.018hz_shock/SD4_5ulmin_pre_2_MMStack_Pos5.ome.tif,4416.087143383622,sd4,45939.67135028644
